[
  {
    "id": 1,
    "nome": "MONISE SOARES DE CARVALHO FORN 281",
    "tipo": "PF",
    "cpf_cnpj": null,
    "rg_ie": null,
    "email": null,
    "telefone_whatsapp": null,
    "data_nascimento": null,
    "is_cliente": false,
    "is_fornecedor": true,
    "comissao_padrao": "50.00",
    "dia_fechamento_pagamento": 15,
    "dados_pix": null,
    "score_rfv": 0,
    "tamanhos_interesse": [],
    "marcas_interesse": [],
    "createdAt": "2026-01-30T13:12:26.522Z",
    "updatedAt": "2026-01-30T13:12:26.522Z",
    "deletedAt": null
  },
  {
    "id": 2,
    "nome": "224 THIFANY",
    "tipo": "PF",
    "cpf_cnpj": null,
    "rg_ie": null,
    "email": null,
    "telefone_whatsapp": null,
    "data_nascimento": null,
    "is_cliente": false,
    "is_fornecedor": true,
    "comissao_padrao": "50.00",
    "dia_fechamento_pagamento": 15,
    "dados_pix": null,
    "score_rfv": 0,
    "tamanhos_interesse": [],
    "marcas_interesse": [],
    "createdAt": "2026-01-30T13:12:27.778Z",
    "updatedAt": "2026-01-30T13:12:27.778Z",
    "deletedAt": null
  },
  {
    "id": 3,
    "nome": "ADÃOMESTRINER",
    "tipo": "PF",
    "cpf_cnpj": null,
    "rg_ie": null,
    "email": null,
    "telefone_whatsapp": null,
    "data_nascimento": null,
    "is_cliente": false,
    "is_fornecedor": true,
    "comissao_padrao": "50.00",
    "dia_fechamento_pagamento": 15,
    "dados_pix": null,
    "score_rfv": 0,
    "tamanhos_interesse": [],
    "marcas_interesse": [],
    "createdAt": "2026-01-30T13:12:36.688Z",
    "updatedAt": "2026-01-30T13:12:36.688Z",
    "deletedAt": null
  },
  {
    "id": 4,
    "nome": "ADEANGELA OLIVEIRA",
    "tipo": "PF",
    "cpf_cnpj": null,
    "rg_ie": null,
    "email": null,
    "telefone_whatsapp": null,
    "data_nascimento": null,
    "is_cliente": false,
    "is_fornecedor": true,
    "comissao_padrao": "50.00",
    "dia_fechamento_pagamento": 15,
    "dados_pix": null,
    "score_rfv": 0,
    "tamanhos_interesse": [],
    "marcas_interesse": [],
    "createdAt": "2026-01-30T13:12:38.679Z",
    "updatedAt": "2026-01-30T13:12:38.679Z",
    "deletedAt": null
  },
  {
    "id": 5,
    "nome": "ADRIANA CRISTINA",
    "tipo": "PF",
    "cpf_cnpj": null,
    "rg_ie": null,
    "email": null,
    "telefone_whatsapp": null,
    "data_nascimento": null,
    "is_cliente": false,
    "is_fornecedor": true,
    "comissao_padrao": "50.00",
    "dia_fechamento_pagamento": 15,
    "dados_pix": null,
    "score_rfv": 0,
    "tamanhos_interesse": [],
    "marcas_interesse": [],
    "createdAt": "2026-01-30T13:12:39.340Z",
    "updatedAt": "2026-01-30T13:12:39.340Z",
    "deletedAt": null
  },
  {
    "id": 6,
    "nome": "ADRIANA FERACIOLI",
    "tipo": "PF",
    "cpf_cnpj": null,
    "rg_ie": null,
    "email": null,
    "telefone_whatsapp": null,
    "data_nascimento": null,
    "is_cliente": false,
    "is_fornecedor": true,
    "comissao_padrao": "50.00",
    "dia_fechamento_pagamento": 15,
    "dados_pix": null,
    "score_rfv": 0,
    "tamanhos_interesse": [],
    "marcas_interesse": [],
    "createdAt": "2026-01-30T13:12:39.744Z",
    "updatedAt": "2026-01-30T13:12:39.744Z",
    "deletedAt": null
  },
  {
    "id": 7,
    "nome": "ADRIANA MAURA",
    "tipo": "PF",
    "cpf_cnpj": null,
    "rg_ie": null,
    "email": null,
    "telefone_whatsapp": null,
    "data_nascimento": null,
    "is_cliente": false,
    "is_fornecedor": true,
    "comissao_padrao": "50.00",
    "dia_fechamento_pagamento": 15,
    "dados_pix": null,
    "score_rfv": 0,
    "tamanhos_interesse": [],
    "marcas_interesse": [],
    "createdAt": "2026-01-30T13:12:39.918Z",
    "updatedAt": "2026-01-30T13:12:39.918Z",
    "deletedAt": null
  },
  {
    "id": 8,
    "nome": "ADRIANA VASCONCELOS",
    "tipo": "PF",
    "cpf_cnpj": null,
    "rg_ie": null,
    "email": null,
    "telefone_whatsapp": null,
    "data_nascimento": null,
    "is_cliente": false,
    "is_fornecedor": true,
    "comissao_padrao": "50.00",
    "dia_fechamento_pagamento": 15,
    "dados_pix": null,
    "score_rfv": 0,
    "tamanhos_interesse": [],
    "marcas_interesse": [],
    "createdAt": "2026-01-30T13:12:42.414Z",
    "updatedAt": "2026-01-30T13:12:42.414Z",
    "deletedAt": null
  },
  {
    "id": 9,
    "nome": "ADRIANACOSER",
    "tipo": "PF",
    "cpf_cnpj": null,
    "rg_ie": null,
    "email": null,
    "telefone_whatsapp": null,
    "data_nascimento": null,
    "is_cliente": false,
    "is_fornecedor": true,
    "comissao_padrao": "50.00",
    "dia_fechamento_pagamento": 15,
    "dados_pix": null,
    "score_rfv": 0,
    "tamanhos_interesse": [],
    "marcas_interesse": [],
    "createdAt": "2026-01-30T13:12:43.443Z",
    "updatedAt": "2026-01-30T13:12:43.443Z",
    "deletedAt": null
  },
  {
    "id": 10,
    "nome": "AGATHA GABRIELA",
    "tipo": "PF",
    "cpf_cnpj": null,
    "rg_ie": null,
    "email": null,
    "telefone_whatsapp": null,
    "data_nascimento": null,
    "is_cliente": false,
    "is_fornecedor": true,
    "comissao_padrao": "50.00",
    "dia_fechamento_pagamento": 15,
    "dados_pix": null,
    "score_rfv": 0,
    "tamanhos_interesse": [],
    "marcas_interesse": [],
    "createdAt": "2026-01-30T13:12:46.166Z",
    "updatedAt": "2026-01-30T13:12:46.166Z",
    "deletedAt": null
  },
  {
    "id": 11,
    "nome": "ALINE BRINHOLE",
    "tipo": "PF",
    "cpf_cnpj": null,
    "rg_ie": null,
    "email": null,
    "telefone_whatsapp": null,
    "data_nascimento": null,
    "is_cliente": false,
    "is_fornecedor": true,
    "comissao_padrao": "50.00",
    "dia_fechamento_pagamento": 15,
    "dados_pix": null,
    "score_rfv": 0,
    "tamanhos_interesse": [],
    "marcas_interesse": [],
    "createdAt": "2026-01-30T13:12:47.046Z",
    "updatedAt": "2026-01-30T13:12:47.046Z",
    "deletedAt": null
  },
  {
    "id": 12,
    "nome": "ALINECRUZ",
    "tipo": "PF",
    "cpf_cnpj": null,
    "rg_ie": null,
    "email": null,
    "telefone_whatsapp": null,
    "data_nascimento": null,
    "is_cliente": false,
    "is_fornecedor": true,
    "comissao_padrao": "50.00",
    "dia_fechamento_pagamento": 15,
    "dados_pix": null,
    "score_rfv": 0,
    "tamanhos_interesse": [],
    "marcas_interesse": [],
    "createdAt": "2026-01-30T13:12:48.016Z",
    "updatedAt": "2026-01-30T13:12:48.016Z",
    "deletedAt": null
  },
  {
    "id": 13,
    "nome": "ALINELIMA",
    "tipo": "PF",
    "cpf_cnpj": null,
    "rg_ie": null,
    "email": null,
    "telefone_whatsapp": null,
    "data_nascimento": null,
    "is_cliente": false,
    "is_fornecedor": true,
    "comissao_padrao": "50.00",
    "dia_fechamento_pagamento": 15,
    "dados_pix": null,
    "score_rfv": 0,
    "tamanhos_interesse": [],
    "marcas_interesse": [],
    "createdAt": "2026-01-30T13:13:11.283Z",
    "updatedAt": "2026-01-30T13:13:11.283Z",
    "deletedAt": null
  },
  {
    "id": 14,
    "nome": "AMANDA",
    "tipo": "PF",
    "cpf_cnpj": null,
    "rg_ie": null,
    "email": null,
    "telefone_whatsapp": null,
    "data_nascimento": null,
    "is_cliente": false,
    "is_fornecedor": true,
    "comissao_padrao": "50.00",
    "dia_fechamento_pagamento": 15,
    "dados_pix": null,
    "score_rfv": 0,
    "tamanhos_interesse": [],
    "marcas_interesse": [],
    "createdAt": "2026-01-30T13:13:36.135Z",
    "updatedAt": "2026-01-30T13:13:36.135Z",
    "deletedAt": null
  },
  {
    "id": 15,
    "nome": "AMANDA SANCHEZ",
    "tipo": "PF",
    "cpf_cnpj": null,
    "rg_ie": null,
    "email": null,
    "telefone_whatsapp": null,
    "data_nascimento": null,
    "is_cliente": false,
    "is_fornecedor": true,
    "comissao_padrao": "50.00",
    "dia_fechamento_pagamento": 15,
    "dados_pix": null,
    "score_rfv": 0,
    "tamanhos_interesse": [],
    "marcas_interesse": [],
    "createdAt": "2026-01-30T13:13:36.771Z",
    "updatedAt": "2026-01-30T13:13:36.771Z",
    "deletedAt": null
  },
  {
    "id": 16,
    "nome": "ANA CLAUDIA",
    "tipo": "PF",
    "cpf_cnpj": null,
    "rg_ie": null,
    "email": null,
    "telefone_whatsapp": null,
    "data_nascimento": null,
    "is_cliente": false,
    "is_fornecedor": true,
    "comissao_padrao": "50.00",
    "dia_fechamento_pagamento": 15,
    "dados_pix": null,
    "score_rfv": 0,
    "tamanhos_interesse": [],
    "marcas_interesse": [],
    "createdAt": "2026-01-30T13:13:39.597Z",
    "updatedAt": "2026-01-30T13:13:39.597Z",
    "deletedAt": null
  },
  {
    "id": 17,
    "nome": "ANA CLÉIA",
    "tipo": "PF",
    "cpf_cnpj": null,
    "rg_ie": null,
    "email": null,
    "telefone_whatsapp": null,
    "data_nascimento": null,
    "is_cliente": false,
    "is_fornecedor": true,
    "comissao_padrao": "50.00",
    "dia_fechamento_pagamento": 15,
    "dados_pix": null,
    "score_rfv": 0,
    "tamanhos_interesse": [],
    "marcas_interesse": [],
    "createdAt": "2026-01-30T13:13:40.501Z",
    "updatedAt": "2026-01-30T13:13:40.501Z",
    "deletedAt": null
  },
  {
    "id": 18,
    "nome": "ANACLAUDIABONATI",
    "tipo": "PF",
    "cpf_cnpj": null,
    "rg_ie": null,
    "email": null,
    "telefone_whatsapp": null,
    "data_nascimento": null,
    "is_cliente": false,
    "is_fornecedor": true,
    "comissao_padrao": "50.00",
    "dia_fechamento_pagamento": 15,
    "dados_pix": null,
    "score_rfv": 0,
    "tamanhos_interesse": [],
    "marcas_interesse": [],
    "createdAt": "2026-01-30T13:13:40.726Z",
    "updatedAt": "2026-01-30T13:13:40.726Z",
    "deletedAt": null
  },
  {
    "id": 19,
    "nome": "ANACLERIA",
    "tipo": "PF",
    "cpf_cnpj": null,
    "rg_ie": null,
    "email": null,
    "telefone_whatsapp": null,
    "data_nascimento": null,
    "is_cliente": false,
    "is_fornecedor": true,
    "comissao_padrao": "50.00",
    "dia_fechamento_pagamento": 15,
    "dados_pix": null,
    "score_rfv": 0,
    "tamanhos_interesse": [],
    "marcas_interesse": [],
    "createdAt": "2026-01-30T13:13:46.459Z",
    "updatedAt": "2026-01-30T13:13:46.459Z",
    "deletedAt": null
  },
  {
    "id": 20,
    "nome": "ANALAURAGUIMARES",
    "tipo": "PF",
    "cpf_cnpj": null,
    "rg_ie": null,
    "email": null,
    "telefone_whatsapp": null,
    "data_nascimento": null,
    "is_cliente": false,
    "is_fornecedor": true,
    "comissao_padrao": "50.00",
    "dia_fechamento_pagamento": 15,
    "dados_pix": null,
    "score_rfv": 0,
    "tamanhos_interesse": [],
    "marcas_interesse": [],
    "createdAt": "2026-01-30T13:13:46.710Z",
    "updatedAt": "2026-01-30T13:13:46.710Z",
    "deletedAt": null
  },
  {
    "id": 21,
    "nome": "ANALICIA",
    "tipo": "PF",
    "cpf_cnpj": null,
    "rg_ie": null,
    "email": null,
    "telefone_whatsapp": null,
    "data_nascimento": null,
    "is_cliente": false,
    "is_fornecedor": true,
    "comissao_padrao": "50.00",
    "dia_fechamento_pagamento": 15,
    "dados_pix": null,
    "score_rfv": 0,
    "tamanhos_interesse": [],
    "marcas_interesse": [],
    "createdAt": "2026-01-30T13:13:47.186Z",
    "updatedAt": "2026-01-30T13:13:47.186Z",
    "deletedAt": null
  },
  {
    "id": 22,
    "nome": "ANALICIE",
    "tipo": "PF",
    "cpf_cnpj": null,
    "rg_ie": null,
    "email": null,
    "telefone_whatsapp": null,
    "data_nascimento": null,
    "is_cliente": false,
    "is_fornecedor": true,
    "comissao_padrao": "50.00",
    "dia_fechamento_pagamento": 15,
    "dados_pix": null,
    "score_rfv": 0,
    "tamanhos_interesse": [],
    "marcas_interesse": [],
    "createdAt": "2026-01-30T13:14:01.081Z",
    "updatedAt": "2026-01-30T13:14:01.081Z",
    "deletedAt": null
  },
  {
    "id": 23,
    "nome": "ANAMARIACARVALHO",
    "tipo": "PF",
    "cpf_cnpj": null,
    "rg_ie": null,
    "email": null,
    "telefone_whatsapp": null,
    "data_nascimento": null,
    "is_cliente": false,
    "is_fornecedor": true,
    "comissao_padrao": "50.00",
    "dia_fechamento_pagamento": 15,
    "dados_pix": null,
    "score_rfv": 0,
    "tamanhos_interesse": [],
    "marcas_interesse": [],
    "createdAt": "2026-01-30T13:14:07.836Z",
    "updatedAt": "2026-01-30T13:14:07.836Z",
    "deletedAt": null
  },
  {
    "id": 24,
    "nome": "ANAMARIACEREGATTI",
    "tipo": "PF",
    "cpf_cnpj": null,
    "rg_ie": null,
    "email": null,
    "telefone_whatsapp": null,
    "data_nascimento": null,
    "is_cliente": false,
    "is_fornecedor": true,
    "comissao_padrao": "50.00",
    "dia_fechamento_pagamento": 15,
    "dados_pix": null,
    "score_rfv": 0,
    "tamanhos_interesse": [],
    "marcas_interesse": [],
    "createdAt": "2026-01-30T13:14:09.965Z",
    "updatedAt": "2026-01-30T13:14:09.965Z",
    "deletedAt": null
  },
  {
    "id": 25,
    "nome": "ANASTACIA",
    "tipo": "PF",
    "cpf_cnpj": null,
    "rg_ie": null,
    "email": null,
    "telefone_whatsapp": null,
    "data_nascimento": null,
    "is_cliente": false,
    "is_fornecedor": true,
    "comissao_padrao": "50.00",
    "dia_fechamento_pagamento": 15,
    "dados_pix": null,
    "score_rfv": 0,
    "tamanhos_interesse": [],
    "marcas_interesse": [],
    "createdAt": "2026-01-30T13:14:10.171Z",
    "updatedAt": "2026-01-30T13:14:10.171Z",
    "deletedAt": null
  },
  {
    "id": 26,
    "nome": "ANDREA CHIARELLI",
    "tipo": "PF",
    "cpf_cnpj": null,
    "rg_ie": null,
    "email": null,
    "telefone_whatsapp": null,
    "data_nascimento": null,
    "is_cliente": false,
    "is_fornecedor": true,
    "comissao_padrao": "50.00",
    "dia_fechamento_pagamento": 15,
    "dados_pix": null,
    "score_rfv": 0,
    "tamanhos_interesse": [],
    "marcas_interesse": [],
    "createdAt": "2026-01-30T13:14:10.376Z",
    "updatedAt": "2026-01-30T13:14:10.376Z",
    "deletedAt": null
  },
  {
    "id": 27,
    "nome": "ANDREIA SANTOS",
    "tipo": "PF",
    "cpf_cnpj": null,
    "rg_ie": null,
    "email": null,
    "telefone_whatsapp": null,
    "data_nascimento": null,
    "is_cliente": false,
    "is_fornecedor": true,
    "comissao_padrao": "50.00",
    "dia_fechamento_pagamento": 15,
    "dados_pix": null,
    "score_rfv": 0,
    "tamanhos_interesse": [],
    "marcas_interesse": [],
    "createdAt": "2026-01-30T13:14:10.656Z",
    "updatedAt": "2026-01-30T13:14:10.656Z",
    "deletedAt": null
  },
  {
    "id": 28,
    "nome": "ANDREIAMICHELIN",
    "tipo": "PF",
    "cpf_cnpj": null,
    "rg_ie": null,
    "email": null,
    "telefone_whatsapp": null,
    "data_nascimento": null,
    "is_cliente": false,
    "is_fornecedor": true,
    "comissao_padrao": "50.00",
    "dia_fechamento_pagamento": 15,
    "dados_pix": null,
    "score_rfv": 0,
    "tamanhos_interesse": [],
    "marcas_interesse": [],
    "createdAt": "2026-01-30T13:14:11.594Z",
    "updatedAt": "2026-01-30T13:14:11.594Z",
    "deletedAt": null
  },
  {
    "id": 29,
    "nome": "ANDREIARIBEIRO",
    "tipo": "PF",
    "cpf_cnpj": null,
    "rg_ie": null,
    "email": null,
    "telefone_whatsapp": null,
    "data_nascimento": null,
    "is_cliente": false,
    "is_fornecedor": true,
    "comissao_padrao": "50.00",
    "dia_fechamento_pagamento": 15,
    "dados_pix": null,
    "score_rfv": 0,
    "tamanhos_interesse": [],
    "marcas_interesse": [],
    "createdAt": "2026-01-30T13:14:11.804Z",
    "updatedAt": "2026-01-30T13:14:11.804Z",
    "deletedAt": null
  },
  {
    "id": 30,
    "nome": "ANGELA",
    "tipo": "PF",
    "cpf_cnpj": null,
    "rg_ie": null,
    "email": null,
    "telefone_whatsapp": null,
    "data_nascimento": null,
    "is_cliente": false,
    "is_fornecedor": true,
    "comissao_padrao": "50.00",
    "dia_fechamento_pagamento": 15,
    "dados_pix": null,
    "score_rfv": 0,
    "tamanhos_interesse": [],
    "marcas_interesse": [],
    "createdAt": "2026-01-30T13:14:12.376Z",
    "updatedAt": "2026-01-30T13:14:12.376Z",
    "deletedAt": null
  },
  {
    "id": 31,
    "nome": "ANGELA FABRICIA",
    "tipo": "PF",
    "cpf_cnpj": null,
    "rg_ie": null,
    "email": null,
    "telefone_whatsapp": null,
    "data_nascimento": null,
    "is_cliente": false,
    "is_fornecedor": true,
    "comissao_padrao": "50.00",
    "dia_fechamento_pagamento": 15,
    "dados_pix": null,
    "score_rfv": 0,
    "tamanhos_interesse": [],
    "marcas_interesse": [],
    "createdAt": "2026-01-30T13:14:13.514Z",
    "updatedAt": "2026-01-30T13:14:13.514Z",
    "deletedAt": null
  },
  {
    "id": 32,
    "nome": "ANINHA DAVOLI",
    "tipo": "PF",
    "cpf_cnpj": null,
    "rg_ie": null,
    "email": null,
    "telefone_whatsapp": null,
    "data_nascimento": null,
    "is_cliente": false,
    "is_fornecedor": true,
    "comissao_padrao": "50.00",
    "dia_fechamento_pagamento": 15,
    "dados_pix": null,
    "score_rfv": 0,
    "tamanhos_interesse": [],
    "marcas_interesse": [],
    "createdAt": "2026-01-30T13:14:13.646Z",
    "updatedAt": "2026-01-30T13:14:13.646Z",
    "deletedAt": null
  },
  {
    "id": 33,
    "nome": "AYLLA FREITAS",
    "tipo": "PF",
    "cpf_cnpj": null,
    "rg_ie": null,
    "email": null,
    "telefone_whatsapp": null,
    "data_nascimento": null,
    "is_cliente": false,
    "is_fornecedor": true,
    "comissao_padrao": "50.00",
    "dia_fechamento_pagamento": 15,
    "dados_pix": null,
    "score_rfv": 0,
    "tamanhos_interesse": [],
    "marcas_interesse": [],
    "createdAt": "2026-01-30T13:14:14.499Z",
    "updatedAt": "2026-01-30T13:14:14.499Z",
    "deletedAt": null
  },
  {
    "id": 34,
    "nome": "BEATRIZ LONGATTO",
    "tipo": "PF",
    "cpf_cnpj": null,
    "rg_ie": null,
    "email": null,
    "telefone_whatsapp": null,
    "data_nascimento": null,
    "is_cliente": false,
    "is_fornecedor": true,
    "comissao_padrao": "50.00",
    "dia_fechamento_pagamento": 15,
    "dados_pix": null,
    "score_rfv": 0,
    "tamanhos_interesse": [],
    "marcas_interesse": [],
    "createdAt": "2026-01-30T13:14:15.471Z",
    "updatedAt": "2026-01-30T13:14:15.471Z",
    "deletedAt": null
  },
  {
    "id": 35,
    "nome": "BIANCA TARTARINI",
    "tipo": "PF",
    "cpf_cnpj": null,
    "rg_ie": null,
    "email": null,
    "telefone_whatsapp": null,
    "data_nascimento": null,
    "is_cliente": false,
    "is_fornecedor": true,
    "comissao_padrao": "50.00",
    "dia_fechamento_pagamento": 15,
    "dados_pix": null,
    "score_rfv": 0,
    "tamanhos_interesse": [],
    "marcas_interesse": [],
    "createdAt": "2026-01-30T13:14:16.782Z",
    "updatedAt": "2026-01-30T13:14:16.782Z",
    "deletedAt": null
  },
  {
    "id": 36,
    "nome": "BIANCASOTERO",
    "tipo": "PF",
    "cpf_cnpj": null,
    "rg_ie": null,
    "email": null,
    "telefone_whatsapp": null,
    "data_nascimento": null,
    "is_cliente": false,
    "is_fornecedor": true,
    "comissao_padrao": "50.00",
    "dia_fechamento_pagamento": 15,
    "dados_pix": null,
    "score_rfv": 0,
    "tamanhos_interesse": [],
    "marcas_interesse": [],
    "createdAt": "2026-01-30T13:14:16.931Z",
    "updatedAt": "2026-01-30T13:14:16.931Z",
    "deletedAt": null
  },
  {
    "id": 37,
    "nome": "BRUNA ZIEMER",
    "tipo": "PF",
    "cpf_cnpj": null,
    "rg_ie": null,
    "email": null,
    "telefone_whatsapp": null,
    "data_nascimento": null,
    "is_cliente": false,
    "is_fornecedor": true,
    "comissao_padrao": "50.00",
    "dia_fechamento_pagamento": 15,
    "dados_pix": null,
    "score_rfv": 0,
    "tamanhos_interesse": [],
    "marcas_interesse": [],
    "createdAt": "2026-01-30T13:14:17.813Z",
    "updatedAt": "2026-01-30T13:14:17.813Z",
    "deletedAt": null
  },
  {
    "id": 38,
    "nome": "BRUNASOUZA",
    "tipo": "PF",
    "cpf_cnpj": null,
    "rg_ie": null,
    "email": null,
    "telefone_whatsapp": null,
    "data_nascimento": null,
    "is_cliente": false,
    "is_fornecedor": true,
    "comissao_padrao": "50.00",
    "dia_fechamento_pagamento": 15,
    "dados_pix": null,
    "score_rfv": 0,
    "tamanhos_interesse": [],
    "marcas_interesse": [],
    "createdAt": "2026-01-30T13:14:18.118Z",
    "updatedAt": "2026-01-30T13:14:18.118Z",
    "deletedAt": null
  },
  {
    "id": 39,
    "nome": "CAFECARAMELO",
    "tipo": "PF",
    "cpf_cnpj": null,
    "rg_ie": null,
    "email": null,
    "telefone_whatsapp": null,
    "data_nascimento": null,
    "is_cliente": false,
    "is_fornecedor": true,
    "comissao_padrao": "50.00",
    "dia_fechamento_pagamento": 15,
    "dados_pix": null,
    "score_rfv": 0,
    "tamanhos_interesse": [],
    "marcas_interesse": [],
    "createdAt": "2026-01-30T13:14:18.753Z",
    "updatedAt": "2026-01-30T13:14:18.753Z",
    "deletedAt": null
  },
  {
    "id": 40,
    "nome": "CAMILA BRUIN",
    "tipo": "PF",
    "cpf_cnpj": null,
    "rg_ie": null,
    "email": null,
    "telefone_whatsapp": null,
    "data_nascimento": null,
    "is_cliente": false,
    "is_fornecedor": true,
    "comissao_padrao": "50.00",
    "dia_fechamento_pagamento": 15,
    "dados_pix": null,
    "score_rfv": 0,
    "tamanhos_interesse": [],
    "marcas_interesse": [],
    "createdAt": "2026-01-30T13:14:18.880Z",
    "updatedAt": "2026-01-30T13:14:18.880Z",
    "deletedAt": null
  },
  {
    "id": 41,
    "nome": "CAMILA MASSI REAIS",
    "tipo": "PF",
    "cpf_cnpj": null,
    "rg_ie": null,
    "email": null,
    "telefone_whatsapp": null,
    "data_nascimento": null,
    "is_cliente": false,
    "is_fornecedor": true,
    "comissao_padrao": "50.00",
    "dia_fechamento_pagamento": 15,
    "dados_pix": null,
    "score_rfv": 0,
    "tamanhos_interesse": [],
    "marcas_interesse": [],
    "createdAt": "2026-01-30T13:14:19.110Z",
    "updatedAt": "2026-01-30T13:14:19.110Z",
    "deletedAt": null
  },
  {
    "id": 42,
    "nome": "CARLA",
    "tipo": "PF",
    "cpf_cnpj": null,
    "rg_ie": null,
    "email": null,
    "telefone_whatsapp": null,
    "data_nascimento": null,
    "is_cliente": false,
    "is_fornecedor": true,
    "comissao_padrao": "50.00",
    "dia_fechamento_pagamento": 15,
    "dados_pix": null,
    "score_rfv": 0,
    "tamanhos_interesse": [],
    "marcas_interesse": [],
    "createdAt": "2026-01-30T13:14:19.231Z",
    "updatedAt": "2026-01-30T13:14:19.231Z",
    "deletedAt": null
  },
  {
    "id": 43,
    "nome": "CAROL  ZULIANE FORN 284",
    "tipo": "PF",
    "cpf_cnpj": null,
    "rg_ie": null,
    "email": null,
    "telefone_whatsapp": null,
    "data_nascimento": null,
    "is_cliente": false,
    "is_fornecedor": true,
    "comissao_padrao": "50.00",
    "dia_fechamento_pagamento": 15,
    "dados_pix": null,
    "score_rfv": 0,
    "tamanhos_interesse": [],
    "marcas_interesse": [],
    "createdAt": "2026-01-30T13:14:19.345Z",
    "updatedAt": "2026-01-30T13:14:19.345Z",
    "deletedAt": null
  },
  {
    "id": 44,
    "nome": "CAROLINA FRANCOSO",
    "tipo": "PF",
    "cpf_cnpj": null,
    "rg_ie": null,
    "email": null,
    "telefone_whatsapp": null,
    "data_nascimento": null,
    "is_cliente": false,
    "is_fornecedor": true,
    "comissao_padrao": "50.00",
    "dia_fechamento_pagamento": 15,
    "dados_pix": null,
    "score_rfv": 0,
    "tamanhos_interesse": [],
    "marcas_interesse": [],
    "createdAt": "2026-01-30T13:14:20.913Z",
    "updatedAt": "2026-01-30T13:14:20.913Z",
    "deletedAt": null
  },
  {
    "id": 45,
    "nome": "CAROLINE LIMA",
    "tipo": "PF",
    "cpf_cnpj": null,
    "rg_ie": null,
    "email": null,
    "telefone_whatsapp": null,
    "data_nascimento": null,
    "is_cliente": false,
    "is_fornecedor": true,
    "comissao_padrao": "50.00",
    "dia_fechamento_pagamento": 15,
    "dados_pix": null,
    "score_rfv": 0,
    "tamanhos_interesse": [],
    "marcas_interesse": [],
    "createdAt": "2026-01-30T13:14:21.185Z",
    "updatedAt": "2026-01-30T13:14:21.185Z",
    "deletedAt": null
  },
  {
    "id": 46,
    "nome": "CAROLMARQUES",
    "tipo": "PF",
    "cpf_cnpj": null,
    "rg_ie": null,
    "email": null,
    "telefone_whatsapp": null,
    "data_nascimento": null,
    "is_cliente": false,
    "is_fornecedor": true,
    "comissao_padrao": "50.00",
    "dia_fechamento_pagamento": 15,
    "dados_pix": null,
    "score_rfv": 0,
    "tamanhos_interesse": [],
    "marcas_interesse": [],
    "createdAt": "2026-01-30T13:14:22.919Z",
    "updatedAt": "2026-01-30T13:14:22.919Z",
    "deletedAt": null
  },
  {
    "id": 47,
    "nome": "CAROLPITTA",
    "tipo": "PF",
    "cpf_cnpj": null,
    "rg_ie": null,
    "email": null,
    "telefone_whatsapp": null,
    "data_nascimento": null,
    "is_cliente": false,
    "is_fornecedor": true,
    "comissao_padrao": "50.00",
    "dia_fechamento_pagamento": 15,
    "dados_pix": null,
    "score_rfv": 0,
    "tamanhos_interesse": [],
    "marcas_interesse": [],
    "createdAt": "2026-01-30T13:14:25.781Z",
    "updatedAt": "2026-01-30T13:14:25.781Z",
    "deletedAt": null
  },
  {
    "id": 48,
    "nome": "CÉLIA BROETO",
    "tipo": "PF",
    "cpf_cnpj": null,
    "rg_ie": null,
    "email": null,
    "telefone_whatsapp": null,
    "data_nascimento": null,
    "is_cliente": false,
    "is_fornecedor": true,
    "comissao_padrao": "50.00",
    "dia_fechamento_pagamento": 15,
    "dados_pix": null,
    "score_rfv": 0,
    "tamanhos_interesse": [],
    "marcas_interesse": [],
    "createdAt": "2026-01-30T13:14:34.282Z",
    "updatedAt": "2026-01-30T13:14:34.282Z",
    "deletedAt": null
  },
  {
    "id": 49,
    "nome": "CELIABONI",
    "tipo": "PF",
    "cpf_cnpj": null,
    "rg_ie": null,
    "email": null,
    "telefone_whatsapp": null,
    "data_nascimento": null,
    "is_cliente": false,
    "is_fornecedor": true,
    "comissao_padrao": "50.00",
    "dia_fechamento_pagamento": 15,
    "dados_pix": null,
    "score_rfv": 0,
    "tamanhos_interesse": [],
    "marcas_interesse": [],
    "createdAt": "2026-01-30T13:14:34.382Z",
    "updatedAt": "2026-01-30T13:14:34.382Z",
    "deletedAt": null
  },
  {
    "id": 50,
    "nome": "CINTIA",
    "tipo": "PF",
    "cpf_cnpj": null,
    "rg_ie": null,
    "email": null,
    "telefone_whatsapp": null,
    "data_nascimento": null,
    "is_cliente": false,
    "is_fornecedor": true,
    "comissao_padrao": "50.00",
    "dia_fechamento_pagamento": 15,
    "dados_pix": null,
    "score_rfv": 0,
    "tamanhos_interesse": [],
    "marcas_interesse": [],
    "createdAt": "2026-01-30T13:14:34.586Z",
    "updatedAt": "2026-01-30T13:14:34.586Z",
    "deletedAt": null
  },
  {
    "id": 51,
    "nome": "CINTIA HERMENN",
    "tipo": "PF",
    "cpf_cnpj": null,
    "rg_ie": null,
    "email": null,
    "telefone_whatsapp": null,
    "data_nascimento": null,
    "is_cliente": false,
    "is_fornecedor": true,
    "comissao_padrao": "50.00",
    "dia_fechamento_pagamento": 15,
    "dados_pix": null,
    "score_rfv": 0,
    "tamanhos_interesse": [],
    "marcas_interesse": [],
    "createdAt": "2026-01-30T13:14:36.627Z",
    "updatedAt": "2026-01-30T13:14:36.627Z",
    "deletedAt": null
  },
  {
    "id": 52,
    "nome": "CLAUDIA S LIMA",
    "tipo": "PF",
    "cpf_cnpj": null,
    "rg_ie": null,
    "email": null,
    "telefone_whatsapp": null,
    "data_nascimento": null,
    "is_cliente": false,
    "is_fornecedor": true,
    "comissao_padrao": "50.00",
    "dia_fechamento_pagamento": 15,
    "dados_pix": null,
    "score_rfv": 0,
    "tamanhos_interesse": [],
    "marcas_interesse": [],
    "createdAt": "2026-01-30T13:14:36.782Z",
    "updatedAt": "2026-01-30T13:14:36.782Z",
    "deletedAt": null
  },
  {
    "id": 53,
    "nome": "CLAUDIA ZIEMELS",
    "tipo": "PF",
    "cpf_cnpj": null,
    "rg_ie": null,
    "email": null,
    "telefone_whatsapp": null,
    "data_nascimento": null,
    "is_cliente": false,
    "is_fornecedor": true,
    "comissao_padrao": "50.00",
    "dia_fechamento_pagamento": 15,
    "dados_pix": null,
    "score_rfv": 0,
    "tamanhos_interesse": [],
    "marcas_interesse": [],
    "createdAt": "2026-01-30T13:14:36.924Z",
    "updatedAt": "2026-01-30T13:14:36.924Z",
    "deletedAt": null
  },
  {
    "id": 54,
    "nome": "CLAUDIAMAELUANA",
    "tipo": "PF",
    "cpf_cnpj": null,
    "rg_ie": null,
    "email": null,
    "telefone_whatsapp": null,
    "data_nascimento": null,
    "is_cliente": false,
    "is_fornecedor": true,
    "comissao_padrao": "50.00",
    "dia_fechamento_pagamento": 15,
    "dados_pix": null,
    "score_rfv": 0,
    "tamanhos_interesse": [],
    "marcas_interesse": [],
    "createdAt": "2026-01-30T13:14:44.355Z",
    "updatedAt": "2026-01-30T13:14:44.355Z",
    "deletedAt": null
  },
  {
    "id": 55,
    "nome": "COSTURANDOIDEIAS",
    "tipo": "PF",
    "cpf_cnpj": null,
    "rg_ie": null,
    "email": null,
    "telefone_whatsapp": null,
    "data_nascimento": null,
    "is_cliente": false,
    "is_fornecedor": true,
    "comissao_padrao": "50.00",
    "dia_fechamento_pagamento": 15,
    "dados_pix": null,
    "score_rfv": 0,
    "tamanhos_interesse": [],
    "marcas_interesse": [],
    "createdAt": "2026-01-30T13:14:44.678Z",
    "updatedAt": "2026-01-30T13:14:44.678Z",
    "deletedAt": null
  },
  {
    "id": 56,
    "nome": "CRISARENGHI",
    "tipo": "PF",
    "cpf_cnpj": null,
    "rg_ie": null,
    "email": null,
    "telefone_whatsapp": null,
    "data_nascimento": null,
    "is_cliente": false,
    "is_fornecedor": true,
    "comissao_padrao": "50.00",
    "dia_fechamento_pagamento": 15,
    "dados_pix": null,
    "score_rfv": 0,
    "tamanhos_interesse": [],
    "marcas_interesse": [],
    "createdAt": "2026-01-30T13:14:47.843Z",
    "updatedAt": "2026-01-30T13:14:47.843Z",
    "deletedAt": null
  },
  {
    "id": 57,
    "nome": "CRISTIANE AYELLO",
    "tipo": "PF",
    "cpf_cnpj": null,
    "rg_ie": null,
    "email": null,
    "telefone_whatsapp": null,
    "data_nascimento": null,
    "is_cliente": false,
    "is_fornecedor": true,
    "comissao_padrao": "50.00",
    "dia_fechamento_pagamento": 15,
    "dados_pix": null,
    "score_rfv": 0,
    "tamanhos_interesse": [],
    "marcas_interesse": [],
    "createdAt": "2026-01-30T13:14:48.608Z",
    "updatedAt": "2026-01-30T13:14:48.608Z",
    "deletedAt": null
  },
  {
    "id": 58,
    "nome": "CRISTIANE MARCELI CRUZ",
    "tipo": "PF",
    "cpf_cnpj": null,
    "rg_ie": null,
    "email": null,
    "telefone_whatsapp": null,
    "data_nascimento": null,
    "is_cliente": false,
    "is_fornecedor": true,
    "comissao_padrao": "50.00",
    "dia_fechamento_pagamento": 15,
    "dados_pix": null,
    "score_rfv": 0,
    "tamanhos_interesse": [],
    "marcas_interesse": [],
    "createdAt": "2026-01-30T13:14:48.799Z",
    "updatedAt": "2026-01-30T13:14:48.799Z",
    "deletedAt": null
  },
  {
    "id": 59,
    "nome": "CRISTIANE ZORZETTO",
    "tipo": "PF",
    "cpf_cnpj": null,
    "rg_ie": null,
    "email": null,
    "telefone_whatsapp": null,
    "data_nascimento": null,
    "is_cliente": false,
    "is_fornecedor": true,
    "comissao_padrao": "50.00",
    "dia_fechamento_pagamento": 15,
    "dados_pix": null,
    "score_rfv": 0,
    "tamanhos_interesse": [],
    "marcas_interesse": [],
    "createdAt": "2026-01-30T13:14:49.879Z",
    "updatedAt": "2026-01-30T13:14:49.879Z",
    "deletedAt": null
  },
  {
    "id": 60,
    "nome": "CRISTINALARA",
    "tipo": "PF",
    "cpf_cnpj": null,
    "rg_ie": null,
    "email": null,
    "telefone_whatsapp": null,
    "data_nascimento": null,
    "is_cliente": false,
    "is_fornecedor": true,
    "comissao_padrao": "50.00",
    "dia_fechamento_pagamento": 15,
    "dados_pix": null,
    "score_rfv": 0,
    "tamanhos_interesse": [],
    "marcas_interesse": [],
    "createdAt": "2026-01-30T13:14:50.434Z",
    "updatedAt": "2026-01-30T13:14:50.434Z",
    "deletedAt": null
  },
  {
    "id": 61,
    "nome": "DAIANACLEMENTE",
    "tipo": "PF",
    "cpf_cnpj": null,
    "rg_ie": null,
    "email": null,
    "telefone_whatsapp": null,
    "data_nascimento": null,
    "is_cliente": false,
    "is_fornecedor": true,
    "comissao_padrao": "50.00",
    "dia_fechamento_pagamento": 15,
    "dados_pix": null,
    "score_rfv": 0,
    "tamanhos_interesse": [],
    "marcas_interesse": [],
    "createdAt": "2026-01-30T13:15:05.814Z",
    "updatedAt": "2026-01-30T13:15:05.814Z",
    "deletedAt": null
  },
  {
    "id": 62,
    "nome": "DANI",
    "tipo": "PF",
    "cpf_cnpj": null,
    "rg_ie": null,
    "email": null,
    "telefone_whatsapp": null,
    "data_nascimento": null,
    "is_cliente": false,
    "is_fornecedor": true,
    "comissao_padrao": "50.00",
    "dia_fechamento_pagamento": 15,
    "dados_pix": null,
    "score_rfv": 0,
    "tamanhos_interesse": [],
    "marcas_interesse": [],
    "createdAt": "2026-01-30T13:15:05.960Z",
    "updatedAt": "2026-01-30T13:15:05.960Z",
    "deletedAt": null
  },
  {
    "id": 63,
    "nome": "DANIELE ALBANO",
    "tipo": "PF",
    "cpf_cnpj": null,
    "rg_ie": null,
    "email": null,
    "telefone_whatsapp": null,
    "data_nascimento": null,
    "is_cliente": false,
    "is_fornecedor": true,
    "comissao_padrao": "50.00",
    "dia_fechamento_pagamento": 15,
    "dados_pix": null,
    "score_rfv": 0,
    "tamanhos_interesse": [],
    "marcas_interesse": [],
    "createdAt": "2026-01-30T13:15:07.287Z",
    "updatedAt": "2026-01-30T13:15:07.287Z",
    "deletedAt": null
  },
  {
    "id": 64,
    "nome": "DANIELE DA SILVA LOPES",
    "tipo": "PF",
    "cpf_cnpj": null,
    "rg_ie": null,
    "email": null,
    "telefone_whatsapp": null,
    "data_nascimento": null,
    "is_cliente": false,
    "is_fornecedor": true,
    "comissao_padrao": "50.00",
    "dia_fechamento_pagamento": 15,
    "dados_pix": null,
    "score_rfv": 0,
    "tamanhos_interesse": [],
    "marcas_interesse": [],
    "createdAt": "2026-01-30T13:15:08.712Z",
    "updatedAt": "2026-01-30T13:15:08.712Z",
    "deletedAt": null
  },
  {
    "id": 65,
    "nome": "DANILACOSER",
    "tipo": "PF",
    "cpf_cnpj": null,
    "rg_ie": null,
    "email": null,
    "telefone_whatsapp": null,
    "data_nascimento": null,
    "is_cliente": false,
    "is_fornecedor": true,
    "comissao_padrao": "50.00",
    "dia_fechamento_pagamento": 15,
    "dados_pix": null,
    "score_rfv": 0,
    "tamanhos_interesse": [],
    "marcas_interesse": [],
    "createdAt": "2026-01-30T13:15:08.974Z",
    "updatedAt": "2026-01-30T13:15:08.974Z",
    "deletedAt": null
  },
  {
    "id": 66,
    "nome": "DAYANE AMARO COSTA",
    "tipo": "PF",
    "cpf_cnpj": null,
    "rg_ie": null,
    "email": null,
    "telefone_whatsapp": null,
    "data_nascimento": null,
    "is_cliente": false,
    "is_fornecedor": true,
    "comissao_padrao": "50.00",
    "dia_fechamento_pagamento": 15,
    "dados_pix": null,
    "score_rfv": 0,
    "tamanhos_interesse": [],
    "marcas_interesse": [],
    "createdAt": "2026-01-30T13:15:09.840Z",
    "updatedAt": "2026-01-30T13:15:09.840Z",
    "deletedAt": null
  },
  {
    "id": 67,
    "nome": "DEBORACOSER",
    "tipo": "PF",
    "cpf_cnpj": null,
    "rg_ie": null,
    "email": null,
    "telefone_whatsapp": null,
    "data_nascimento": null,
    "is_cliente": false,
    "is_fornecedor": true,
    "comissao_padrao": "50.00",
    "dia_fechamento_pagamento": 15,
    "dados_pix": null,
    "score_rfv": 0,
    "tamanhos_interesse": [],
    "marcas_interesse": [],
    "createdAt": "2026-01-30T13:15:10.249Z",
    "updatedAt": "2026-01-30T13:15:10.249Z",
    "deletedAt": null
  },
  {
    "id": 68,
    "nome": "DENISELIMA",
    "tipo": "PF",
    "cpf_cnpj": null,
    "rg_ie": null,
    "email": null,
    "telefone_whatsapp": null,
    "data_nascimento": null,
    "is_cliente": false,
    "is_fornecedor": true,
    "comissao_padrao": "50.00",
    "dia_fechamento_pagamento": 15,
    "dados_pix": null,
    "score_rfv": 0,
    "tamanhos_interesse": [],
    "marcas_interesse": [],
    "createdAt": "2026-01-30T13:15:10.476Z",
    "updatedAt": "2026-01-30T13:15:10.476Z",
    "deletedAt": null
  },
  {
    "id": 69,
    "nome": "DENISERODRIGUES",
    "tipo": "PF",
    "cpf_cnpj": null,
    "rg_ie": null,
    "email": null,
    "telefone_whatsapp": null,
    "data_nascimento": null,
    "is_cliente": false,
    "is_fornecedor": true,
    "comissao_padrao": "50.00",
    "dia_fechamento_pagamento": 15,
    "dados_pix": null,
    "score_rfv": 0,
    "tamanhos_interesse": [],
    "marcas_interesse": [],
    "createdAt": "2026-01-30T13:15:36.940Z",
    "updatedAt": "2026-01-30T13:15:36.940Z",
    "deletedAt": null
  },
  {
    "id": 70,
    "nome": "DESCONHECIDO",
    "tipo": "PF",
    "cpf_cnpj": null,
    "rg_ie": null,
    "email": null,
    "telefone_whatsapp": null,
    "data_nascimento": null,
    "is_cliente": false,
    "is_fornecedor": true,
    "comissao_padrao": "50.00",
    "dia_fechamento_pagamento": 15,
    "dados_pix": null,
    "score_rfv": 0,
    "tamanhos_interesse": [],
    "marcas_interesse": [],
    "createdAt": "2026-01-30T13:15:44.095Z",
    "updatedAt": "2026-01-30T13:15:44.095Z",
    "deletedAt": null
  },
  {
    "id": 71,
    "nome": "DORISVIERA",
    "tipo": "PF",
    "cpf_cnpj": null,
    "rg_ie": null,
    "email": null,
    "telefone_whatsapp": null,
    "data_nascimento": null,
    "is_cliente": false,
    "is_fornecedor": true,
    "comissao_padrao": "50.00",
    "dia_fechamento_pagamento": 15,
    "dados_pix": null,
    "score_rfv": 0,
    "tamanhos_interesse": [],
    "marcas_interesse": [],
    "createdAt": "2026-01-30T13:15:45.889Z",
    "updatedAt": "2026-01-30T13:15:45.889Z",
    "deletedAt": null
  },
  {
    "id": 72,
    "nome": "DOROTY",
    "tipo": "PF",
    "cpf_cnpj": null,
    "rg_ie": null,
    "email": null,
    "telefone_whatsapp": null,
    "data_nascimento": null,
    "is_cliente": false,
    "is_fornecedor": true,
    "comissao_padrao": "50.00",
    "dia_fechamento_pagamento": 15,
    "dados_pix": null,
    "score_rfv": 0,
    "tamanhos_interesse": [],
    "marcas_interesse": [],
    "createdAt": "2026-01-30T13:15:47.786Z",
    "updatedAt": "2026-01-30T13:15:47.786Z",
    "deletedAt": null
  },
  {
    "id": 73,
    "nome": "EDERALDOSILVEIRABUENO",
    "tipo": "PF",
    "cpf_cnpj": null,
    "rg_ie": null,
    "email": null,
    "telefone_whatsapp": null,
    "data_nascimento": null,
    "is_cliente": false,
    "is_fornecedor": true,
    "comissao_padrao": "50.00",
    "dia_fechamento_pagamento": 15,
    "dados_pix": null,
    "score_rfv": 0,
    "tamanhos_interesse": [],
    "marcas_interesse": [],
    "createdAt": "2026-01-30T13:15:48.552Z",
    "updatedAt": "2026-01-30T13:15:48.552Z",
    "deletedAt": null
  },
  {
    "id": 74,
    "nome": "ELAINE CRISTINA DE ALMEIDA FORN 280",
    "tipo": "PF",
    "cpf_cnpj": null,
    "rg_ie": null,
    "email": null,
    "telefone_whatsapp": null,
    "data_nascimento": null,
    "is_cliente": false,
    "is_fornecedor": true,
    "comissao_padrao": "50.00",
    "dia_fechamento_pagamento": 15,
    "dados_pix": null,
    "score_rfv": 0,
    "tamanhos_interesse": [],
    "marcas_interesse": [],
    "createdAt": "2026-01-30T13:15:50.287Z",
    "updatedAt": "2026-01-30T13:15:50.287Z",
    "deletedAt": null
  },
  {
    "id": 75,
    "nome": "ELEVA",
    "tipo": "PF",
    "cpf_cnpj": null,
    "rg_ie": null,
    "email": null,
    "telefone_whatsapp": null,
    "data_nascimento": null,
    "is_cliente": false,
    "is_fornecedor": true,
    "comissao_padrao": "50.00",
    "dia_fechamento_pagamento": 15,
    "dados_pix": null,
    "score_rfv": 0,
    "tamanhos_interesse": [],
    "marcas_interesse": [],
    "createdAt": "2026-01-30T13:15:53.910Z",
    "updatedAt": "2026-01-30T13:15:53.910Z",
    "deletedAt": null
  },
  {
    "id": 76,
    "nome": "ELIANE RIBEIRO DO PRADO",
    "tipo": "PF",
    "cpf_cnpj": null,
    "rg_ie": null,
    "email": null,
    "telefone_whatsapp": null,
    "data_nascimento": null,
    "is_cliente": false,
    "is_fornecedor": true,
    "comissao_padrao": "50.00",
    "dia_fechamento_pagamento": 15,
    "dados_pix": null,
    "score_rfv": 0,
    "tamanhos_interesse": [],
    "marcas_interesse": [],
    "createdAt": "2026-01-30T13:15:56.085Z",
    "updatedAt": "2026-01-30T13:15:56.085Z",
    "deletedAt": null
  },
  {
    "id": 77,
    "nome": "ELIANERIBEIRO",
    "tipo": "PF",
    "cpf_cnpj": null,
    "rg_ie": null,
    "email": null,
    "telefone_whatsapp": null,
    "data_nascimento": null,
    "is_cliente": false,
    "is_fornecedor": true,
    "comissao_padrao": "50.00",
    "dia_fechamento_pagamento": 15,
    "dados_pix": null,
    "score_rfv": 0,
    "tamanhos_interesse": [],
    "marcas_interesse": [],
    "createdAt": "2026-01-30T13:16:05.189Z",
    "updatedAt": "2026-01-30T13:16:05.189Z",
    "deletedAt": null
  },
  {
    "id": 78,
    "nome": "ELIDAGRAIR",
    "tipo": "PF",
    "cpf_cnpj": null,
    "rg_ie": null,
    "email": null,
    "telefone_whatsapp": null,
    "data_nascimento": null,
    "is_cliente": false,
    "is_fornecedor": true,
    "comissao_padrao": "50.00",
    "dia_fechamento_pagamento": 15,
    "dados_pix": null,
    "score_rfv": 0,
    "tamanhos_interesse": [],
    "marcas_interesse": [],
    "createdAt": "2026-01-30T13:16:05.418Z",
    "updatedAt": "2026-01-30T13:16:05.418Z",
    "deletedAt": null
  },
  {
    "id": 79,
    "nome": "ELLENNICIOLI",
    "tipo": "PF",
    "cpf_cnpj": null,
    "rg_ie": null,
    "email": null,
    "telefone_whatsapp": null,
    "data_nascimento": null,
    "is_cliente": false,
    "is_fornecedor": true,
    "comissao_padrao": "50.00",
    "dia_fechamento_pagamento": 15,
    "dados_pix": null,
    "score_rfv": 0,
    "tamanhos_interesse": [],
    "marcas_interesse": [],
    "createdAt": "2026-01-30T13:16:05.889Z",
    "updatedAt": "2026-01-30T13:16:05.889Z",
    "deletedAt": null
  },
  {
    "id": 80,
    "nome": "ENEDINE CASSIANE BARBOSA",
    "tipo": "PF",
    "cpf_cnpj": null,
    "rg_ie": null,
    "email": null,
    "telefone_whatsapp": null,
    "data_nascimento": null,
    "is_cliente": false,
    "is_fornecedor": true,
    "comissao_padrao": "50.00",
    "dia_fechamento_pagamento": 15,
    "dados_pix": null,
    "score_rfv": 0,
    "tamanhos_interesse": [],
    "marcas_interesse": [],
    "createdAt": "2026-01-30T13:16:10.614Z",
    "updatedAt": "2026-01-30T13:16:10.614Z",
    "deletedAt": null
  },
  {
    "id": 81,
    "nome": "ENJOY",
    "tipo": "PF",
    "cpf_cnpj": null,
    "rg_ie": null,
    "email": null,
    "telefone_whatsapp": null,
    "data_nascimento": null,
    "is_cliente": false,
    "is_fornecedor": true,
    "comissao_padrao": "50.00",
    "dia_fechamento_pagamento": 15,
    "dados_pix": null,
    "score_rfv": 0,
    "tamanhos_interesse": [],
    "marcas_interesse": [],
    "createdAt": "2026-01-30T13:16:10.752Z",
    "updatedAt": "2026-01-30T13:16:10.752Z",
    "deletedAt": null
  },
  {
    "id": 82,
    "nome": "EUNICE HELENA GONÇALVES DE CAMPOS",
    "tipo": "PF",
    "cpf_cnpj": null,
    "rg_ie": null,
    "email": null,
    "telefone_whatsapp": null,
    "data_nascimento": null,
    "is_cliente": false,
    "is_fornecedor": true,
    "comissao_padrao": "50.00",
    "dia_fechamento_pagamento": 15,
    "dados_pix": null,
    "score_rfv": 0,
    "tamanhos_interesse": [],
    "marcas_interesse": [],
    "createdAt": "2026-01-30T13:16:11.469Z",
    "updatedAt": "2026-01-30T13:16:11.469Z",
    "deletedAt": null
  },
  {
    "id": 83,
    "nome": "FABIANACREMUNINI",
    "tipo": "PF",
    "cpf_cnpj": null,
    "rg_ie": null,
    "email": null,
    "telefone_whatsapp": null,
    "data_nascimento": null,
    "is_cliente": false,
    "is_fornecedor": true,
    "comissao_padrao": "50.00",
    "dia_fechamento_pagamento": 15,
    "dados_pix": null,
    "score_rfv": 0,
    "tamanhos_interesse": [],
    "marcas_interesse": [],
    "createdAt": "2026-01-30T13:16:11.762Z",
    "updatedAt": "2026-01-30T13:16:11.762Z",
    "deletedAt": null
  },
  {
    "id": 84,
    "nome": "FABIOLA",
    "tipo": "PF",
    "cpf_cnpj": null,
    "rg_ie": null,
    "email": null,
    "telefone_whatsapp": null,
    "data_nascimento": null,
    "is_cliente": false,
    "is_fornecedor": true,
    "comissao_padrao": "50.00",
    "dia_fechamento_pagamento": 15,
    "dados_pix": null,
    "score_rfv": 0,
    "tamanhos_interesse": [],
    "marcas_interesse": [],
    "createdAt": "2026-01-30T13:16:19.335Z",
    "updatedAt": "2026-01-30T13:16:19.335Z",
    "deletedAt": null
  },
  {
    "id": 85,
    "nome": "FERNANDACAETANO",
    "tipo": "PF",
    "cpf_cnpj": null,
    "rg_ie": null,
    "email": null,
    "telefone_whatsapp": null,
    "data_nascimento": null,
    "is_cliente": false,
    "is_fornecedor": true,
    "comissao_padrao": "50.00",
    "dia_fechamento_pagamento": 15,
    "dados_pix": null,
    "score_rfv": 0,
    "tamanhos_interesse": [],
    "marcas_interesse": [],
    "createdAt": "2026-01-30T13:16:19.659Z",
    "updatedAt": "2026-01-30T13:16:19.659Z",
    "deletedAt": null
  },
  {
    "id": 86,
    "nome": "FERNANDAMAIORINO",
    "tipo": "PF",
    "cpf_cnpj": null,
    "rg_ie": null,
    "email": null,
    "telefone_whatsapp": null,
    "data_nascimento": null,
    "is_cliente": false,
    "is_fornecedor": true,
    "comissao_padrao": "50.00",
    "dia_fechamento_pagamento": 15,
    "dados_pix": null,
    "score_rfv": 0,
    "tamanhos_interesse": [],
    "marcas_interesse": [],
    "createdAt": "2026-01-30T13:16:26.287Z",
    "updatedAt": "2026-01-30T13:16:26.287Z",
    "deletedAt": null
  },
  {
    "id": 87,
    "nome": "FLAVIA MARINELI",
    "tipo": "PF",
    "cpf_cnpj": null,
    "rg_ie": null,
    "email": null,
    "telefone_whatsapp": null,
    "data_nascimento": null,
    "is_cliente": false,
    "is_fornecedor": true,
    "comissao_padrao": "50.00",
    "dia_fechamento_pagamento": 15,
    "dados_pix": null,
    "score_rfv": 0,
    "tamanhos_interesse": [],
    "marcas_interesse": [],
    "createdAt": "2026-01-30T13:16:26.586Z",
    "updatedAt": "2026-01-30T13:16:26.586Z",
    "deletedAt": null
  },
  {
    "id": 88,
    "nome": "FRAN",
    "tipo": "PF",
    "cpf_cnpj": null,
    "rg_ie": null,
    "email": null,
    "telefone_whatsapp": null,
    "data_nascimento": null,
    "is_cliente": false,
    "is_fornecedor": true,
    "comissao_padrao": "50.00",
    "dia_fechamento_pagamento": 15,
    "dados_pix": null,
    "score_rfv": 0,
    "tamanhos_interesse": [],
    "marcas_interesse": [],
    "createdAt": "2026-01-30T13:16:27.660Z",
    "updatedAt": "2026-01-30T13:16:27.660Z",
    "deletedAt": null
  },
  {
    "id": 89,
    "nome": "GABRIELABELLA",
    "tipo": "PF",
    "cpf_cnpj": null,
    "rg_ie": null,
    "email": null,
    "telefone_whatsapp": null,
    "data_nascimento": null,
    "is_cliente": false,
    "is_fornecedor": true,
    "comissao_padrao": "50.00",
    "dia_fechamento_pagamento": 15,
    "dados_pix": null,
    "score_rfv": 0,
    "tamanhos_interesse": [],
    "marcas_interesse": [],
    "createdAt": "2026-01-30T13:16:28.020Z",
    "updatedAt": "2026-01-30T13:16:28.020Z",
    "deletedAt": null
  },
  {
    "id": 90,
    "nome": "GABRIELASEGATTI",
    "tipo": "PF",
    "cpf_cnpj": null,
    "rg_ie": null,
    "email": null,
    "telefone_whatsapp": null,
    "data_nascimento": null,
    "is_cliente": false,
    "is_fornecedor": true,
    "comissao_padrao": "50.00",
    "dia_fechamento_pagamento": 15,
    "dados_pix": null,
    "score_rfv": 0,
    "tamanhos_interesse": [],
    "marcas_interesse": [],
    "createdAt": "2026-01-30T13:16:32.980Z",
    "updatedAt": "2026-01-30T13:16:32.980Z",
    "deletedAt": null
  },
  {
    "id": 91,
    "nome": "GEOVANA VERONEZI",
    "tipo": "PF",
    "cpf_cnpj": null,
    "rg_ie": null,
    "email": null,
    "telefone_whatsapp": null,
    "data_nascimento": null,
    "is_cliente": false,
    "is_fornecedor": true,
    "comissao_padrao": "50.00",
    "dia_fechamento_pagamento": 15,
    "dados_pix": null,
    "score_rfv": 0,
    "tamanhos_interesse": [],
    "marcas_interesse": [],
    "createdAt": "2026-01-30T13:16:33.120Z",
    "updatedAt": "2026-01-30T13:16:33.120Z",
    "deletedAt": null
  },
  {
    "id": 92,
    "nome": "GIEDRE DE ANDRADE BENEDETTI",
    "tipo": "PF",
    "cpf_cnpj": null,
    "rg_ie": null,
    "email": null,
    "telefone_whatsapp": null,
    "data_nascimento": null,
    "is_cliente": false,
    "is_fornecedor": true,
    "comissao_padrao": "50.00",
    "dia_fechamento_pagamento": 15,
    "dados_pix": null,
    "score_rfv": 0,
    "tamanhos_interesse": [],
    "marcas_interesse": [],
    "createdAt": "2026-01-30T13:16:33.986Z",
    "updatedAt": "2026-01-30T13:16:33.986Z",
    "deletedAt": null
  },
  {
    "id": 93,
    "nome": "GISELEMELLO",
    "tipo": "PF",
    "cpf_cnpj": null,
    "rg_ie": null,
    "email": null,
    "telefone_whatsapp": null,
    "data_nascimento": null,
    "is_cliente": false,
    "is_fornecedor": true,
    "comissao_padrao": "50.00",
    "dia_fechamento_pagamento": 15,
    "dados_pix": null,
    "score_rfv": 0,
    "tamanhos_interesse": [],
    "marcas_interesse": [],
    "createdAt": "2026-01-30T13:16:37.932Z",
    "updatedAt": "2026-01-30T13:16:37.932Z",
    "deletedAt": null
  },
  {
    "id": 94,
    "nome": "GISLAINE APARECIDA  CRUNIEL",
    "tipo": "PF",
    "cpf_cnpj": null,
    "rg_ie": null,
    "email": null,
    "telefone_whatsapp": null,
    "data_nascimento": null,
    "is_cliente": false,
    "is_fornecedor": true,
    "comissao_padrao": "50.00",
    "dia_fechamento_pagamento": 15,
    "dados_pix": null,
    "score_rfv": 0,
    "tamanhos_interesse": [],
    "marcas_interesse": [],
    "createdAt": "2026-01-30T13:16:38.602Z",
    "updatedAt": "2026-01-30T13:16:38.602Z",
    "deletedAt": null
  },
  {
    "id": 95,
    "nome": "GRAZYELA",
    "tipo": "PF",
    "cpf_cnpj": null,
    "rg_ie": null,
    "email": null,
    "telefone_whatsapp": null,
    "data_nascimento": null,
    "is_cliente": false,
    "is_fornecedor": true,
    "comissao_padrao": "50.00",
    "dia_fechamento_pagamento": 15,
    "dados_pix": null,
    "score_rfv": 0,
    "tamanhos_interesse": [],
    "marcas_interesse": [],
    "createdAt": "2026-01-30T13:16:43.388Z",
    "updatedAt": "2026-01-30T13:16:43.388Z",
    "deletedAt": null
  },
  {
    "id": 96,
    "nome": "GUILHERME GAZZA",
    "tipo": "PF",
    "cpf_cnpj": null,
    "rg_ie": null,
    "email": null,
    "telefone_whatsapp": null,
    "data_nascimento": null,
    "is_cliente": false,
    "is_fornecedor": true,
    "comissao_padrao": "50.00",
    "dia_fechamento_pagamento": 15,
    "dados_pix": null,
    "score_rfv": 0,
    "tamanhos_interesse": [],
    "marcas_interesse": [],
    "createdAt": "2026-01-30T13:16:43.975Z",
    "updatedAt": "2026-01-30T13:16:43.975Z",
    "deletedAt": null
  },
  {
    "id": 97,
    "nome": "HILSAPRATES",
    "tipo": "PF",
    "cpf_cnpj": null,
    "rg_ie": null,
    "email": null,
    "telefone_whatsapp": null,
    "data_nascimento": null,
    "is_cliente": false,
    "is_fornecedor": true,
    "comissao_padrao": "50.00",
    "dia_fechamento_pagamento": 15,
    "dados_pix": null,
    "score_rfv": 0,
    "tamanhos_interesse": [],
    "marcas_interesse": [],
    "createdAt": "2026-01-30T13:16:44.292Z",
    "updatedAt": "2026-01-30T13:16:44.292Z",
    "deletedAt": null
  },
  {
    "id": 98,
    "nome": "ISABELA GIRALDI 232",
    "tipo": "PF",
    "cpf_cnpj": null,
    "rg_ie": null,
    "email": null,
    "telefone_whatsapp": null,
    "data_nascimento": null,
    "is_cliente": false,
    "is_fornecedor": true,
    "comissao_padrao": "50.00",
    "dia_fechamento_pagamento": 15,
    "dados_pix": null,
    "score_rfv": 0,
    "tamanhos_interesse": [],
    "marcas_interesse": [],
    "createdAt": "2026-01-30T13:16:44.739Z",
    "updatedAt": "2026-01-30T13:16:44.739Z",
    "deletedAt": null
  },
  {
    "id": 99,
    "nome": "IVANABERNARDI",
    "tipo": "PF",
    "cpf_cnpj": null,
    "rg_ie": null,
    "email": null,
    "telefone_whatsapp": null,
    "data_nascimento": null,
    "is_cliente": false,
    "is_fornecedor": true,
    "comissao_padrao": "50.00",
    "dia_fechamento_pagamento": 15,
    "dados_pix": null,
    "score_rfv": 0,
    "tamanhos_interesse": [],
    "marcas_interesse": [],
    "createdAt": "2026-01-30T13:16:45.167Z",
    "updatedAt": "2026-01-30T13:16:45.167Z",
    "deletedAt": null
  },
  {
    "id": 100,
    "nome": "JESSICA LOPES",
    "tipo": "PF",
    "cpf_cnpj": null,
    "rg_ie": null,
    "email": null,
    "telefone_whatsapp": null,
    "data_nascimento": null,
    "is_cliente": false,
    "is_fornecedor": true,
    "comissao_padrao": "50.00",
    "dia_fechamento_pagamento": 15,
    "dados_pix": null,
    "score_rfv": 0,
    "tamanhos_interesse": [],
    "marcas_interesse": [],
    "createdAt": "2026-01-30T13:16:46.029Z",
    "updatedAt": "2026-01-30T13:16:46.029Z",
    "deletedAt": null
  },
  {
    "id": 101,
    "nome": "JESSICA ROCHA RIBEIRO PIRES DIAS",
    "tipo": "PF",
    "cpf_cnpj": null,
    "rg_ie": null,
    "email": null,
    "telefone_whatsapp": null,
    "data_nascimento": null,
    "is_cliente": false,
    "is_fornecedor": true,
    "comissao_padrao": "50.00",
    "dia_fechamento_pagamento": 15,
    "dados_pix": null,
    "score_rfv": 0,
    "tamanhos_interesse": [],
    "marcas_interesse": [],
    "createdAt": "2026-01-30T13:16:46.157Z",
    "updatedAt": "2026-01-30T13:16:46.157Z",
    "deletedAt": null
  },
  {
    "id": 102,
    "nome": "JOANABARROS",
    "tipo": "PF",
    "cpf_cnpj": null,
    "rg_ie": null,
    "email": null,
    "telefone_whatsapp": null,
    "data_nascimento": null,
    "is_cliente": false,
    "is_fornecedor": true,
    "comissao_padrao": "50.00",
    "dia_fechamento_pagamento": 15,
    "dados_pix": null,
    "score_rfv": 0,
    "tamanhos_interesse": [],
    "marcas_interesse": [],
    "createdAt": "2026-01-30T13:16:46.264Z",
    "updatedAt": "2026-01-30T13:16:46.264Z",
    "deletedAt": null
  },
  {
    "id": 103,
    "nome": "JOSIANE",
    "tipo": "PF",
    "cpf_cnpj": null,
    "rg_ie": null,
    "email": null,
    "telefone_whatsapp": null,
    "data_nascimento": null,
    "is_cliente": false,
    "is_fornecedor": true,
    "comissao_padrao": "50.00",
    "dia_fechamento_pagamento": 15,
    "dados_pix": null,
    "score_rfv": 0,
    "tamanhos_interesse": [],
    "marcas_interesse": [],
    "createdAt": "2026-01-30T13:16:46.696Z",
    "updatedAt": "2026-01-30T13:16:46.696Z",
    "deletedAt": null
  },
  {
    "id": 104,
    "nome": "JOSIANEMELLO",
    "tipo": "PF",
    "cpf_cnpj": null,
    "rg_ie": null,
    "email": null,
    "telefone_whatsapp": null,
    "data_nascimento": null,
    "is_cliente": false,
    "is_fornecedor": true,
    "comissao_padrao": "50.00",
    "dia_fechamento_pagamento": 15,
    "dados_pix": null,
    "score_rfv": 0,
    "tamanhos_interesse": [],
    "marcas_interesse": [],
    "createdAt": "2026-01-30T13:16:46.832Z",
    "updatedAt": "2026-01-30T13:16:46.832Z",
    "deletedAt": null
  },
  {
    "id": 105,
    "nome": "JOSIMEIRE REGINA MACHADO",
    "tipo": "PF",
    "cpf_cnpj": null,
    "rg_ie": null,
    "email": null,
    "telefone_whatsapp": null,
    "data_nascimento": null,
    "is_cliente": false,
    "is_fornecedor": true,
    "comissao_padrao": "50.00",
    "dia_fechamento_pagamento": 15,
    "dados_pix": null,
    "score_rfv": 0,
    "tamanhos_interesse": [],
    "marcas_interesse": [],
    "createdAt": "2026-01-30T13:16:47.170Z",
    "updatedAt": "2026-01-30T13:16:47.170Z",
    "deletedAt": null
  },
  {
    "id": 106,
    "nome": "JOYCEARCURI",
    "tipo": "PF",
    "cpf_cnpj": null,
    "rg_ie": null,
    "email": null,
    "telefone_whatsapp": null,
    "data_nascimento": null,
    "is_cliente": false,
    "is_fornecedor": true,
    "comissao_padrao": "50.00",
    "dia_fechamento_pagamento": 15,
    "dados_pix": null,
    "score_rfv": 0,
    "tamanhos_interesse": [],
    "marcas_interesse": [],
    "createdAt": "2026-01-30T13:16:47.274Z",
    "updatedAt": "2026-01-30T13:16:47.274Z",
    "deletedAt": null
  },
  {
    "id": 107,
    "nome": "JULIANA BUENO",
    "tipo": "PF",
    "cpf_cnpj": null,
    "rg_ie": null,
    "email": null,
    "telefone_whatsapp": null,
    "data_nascimento": null,
    "is_cliente": false,
    "is_fornecedor": true,
    "comissao_padrao": "50.00",
    "dia_fechamento_pagamento": 15,
    "dados_pix": null,
    "score_rfv": 0,
    "tamanhos_interesse": [],
    "marcas_interesse": [],
    "createdAt": "2026-01-30T13:16:47.663Z",
    "updatedAt": "2026-01-30T13:16:47.663Z",
    "deletedAt": null
  },
  {
    "id": 108,
    "nome": "JULIANAFRANCOSILVA",
    "tipo": "PF",
    "cpf_cnpj": null,
    "rg_ie": null,
    "email": null,
    "telefone_whatsapp": null,
    "data_nascimento": null,
    "is_cliente": false,
    "is_fornecedor": true,
    "comissao_padrao": "50.00",
    "dia_fechamento_pagamento": 15,
    "dados_pix": null,
    "score_rfv": 0,
    "tamanhos_interesse": [],
    "marcas_interesse": [],
    "createdAt": "2026-01-30T13:16:48.893Z",
    "updatedAt": "2026-01-30T13:16:48.893Z",
    "deletedAt": null
  },
  {
    "id": 109,
    "nome": "JULIANAG",
    "tipo": "PF",
    "cpf_cnpj": null,
    "rg_ie": null,
    "email": null,
    "telefone_whatsapp": null,
    "data_nascimento": null,
    "is_cliente": false,
    "is_fornecedor": true,
    "comissao_padrao": "50.00",
    "dia_fechamento_pagamento": 15,
    "dados_pix": null,
    "score_rfv": 0,
    "tamanhos_interesse": [],
    "marcas_interesse": [],
    "createdAt": "2026-01-30T13:16:49.749Z",
    "updatedAt": "2026-01-30T13:16:49.749Z",
    "deletedAt": null
  },
  {
    "id": 110,
    "nome": "JULIANASILVEIRA",
    "tipo": "PF",
    "cpf_cnpj": null,
    "rg_ie": null,
    "email": null,
    "telefone_whatsapp": null,
    "data_nascimento": null,
    "is_cliente": false,
    "is_fornecedor": true,
    "comissao_padrao": "50.00",
    "dia_fechamento_pagamento": 15,
    "dados_pix": null,
    "score_rfv": 0,
    "tamanhos_interesse": [],
    "marcas_interesse": [],
    "createdAt": "2026-01-30T13:16:49.944Z",
    "updatedAt": "2026-01-30T13:16:49.944Z",
    "deletedAt": null
  },
  {
    "id": 111,
    "nome": "JULIANASIMOES",
    "tipo": "PF",
    "cpf_cnpj": null,
    "rg_ie": null,
    "email": null,
    "telefone_whatsapp": null,
    "data_nascimento": null,
    "is_cliente": false,
    "is_fornecedor": true,
    "comissao_padrao": "50.00",
    "dia_fechamento_pagamento": 15,
    "dados_pix": null,
    "score_rfv": 0,
    "tamanhos_interesse": [],
    "marcas_interesse": [],
    "createdAt": "2026-01-30T13:16:51.787Z",
    "updatedAt": "2026-01-30T13:16:51.787Z",
    "deletedAt": null
  },
  {
    "id": 112,
    "nome": "JULIANAZANIBONI",
    "tipo": "PF",
    "cpf_cnpj": null,
    "rg_ie": null,
    "email": null,
    "telefone_whatsapp": null,
    "data_nascimento": null,
    "is_cliente": false,
    "is_fornecedor": true,
    "comissao_padrao": "50.00",
    "dia_fechamento_pagamento": 15,
    "dados_pix": null,
    "score_rfv": 0,
    "tamanhos_interesse": [],
    "marcas_interesse": [],
    "createdAt": "2026-01-30T13:17:08.777Z",
    "updatedAt": "2026-01-30T13:17:08.777Z",
    "deletedAt": null
  },
  {
    "id": 113,
    "nome": "KARINA",
    "tipo": "PF",
    "cpf_cnpj": null,
    "rg_ie": null,
    "email": null,
    "telefone_whatsapp": null,
    "data_nascimento": null,
    "is_cliente": false,
    "is_fornecedor": true,
    "comissao_padrao": "50.00",
    "dia_fechamento_pagamento": 15,
    "dados_pix": null,
    "score_rfv": 0,
    "tamanhos_interesse": [],
    "marcas_interesse": [],
    "createdAt": "2026-01-30T13:17:08.982Z",
    "updatedAt": "2026-01-30T13:17:08.982Z",
    "deletedAt": null
  },
  {
    "id": 114,
    "nome": "KATIA REGINA CAMILOTTI",
    "tipo": "PF",
    "cpf_cnpj": null,
    "rg_ie": null,
    "email": null,
    "telefone_whatsapp": null,
    "data_nascimento": null,
    "is_cliente": false,
    "is_fornecedor": true,
    "comissao_padrao": "50.00",
    "dia_fechamento_pagamento": 15,
    "dados_pix": null,
    "score_rfv": 0,
    "tamanhos_interesse": [],
    "marcas_interesse": [],
    "createdAt": "2026-01-30T13:17:09.209Z",
    "updatedAt": "2026-01-30T13:17:09.209Z",
    "deletedAt": null
  },
  {
    "id": 115,
    "nome": "KEILAARAUJO",
    "tipo": "PF",
    "cpf_cnpj": null,
    "rg_ie": null,
    "email": null,
    "telefone_whatsapp": null,
    "data_nascimento": null,
    "is_cliente": false,
    "is_fornecedor": true,
    "comissao_padrao": "50.00",
    "dia_fechamento_pagamento": 15,
    "dados_pix": null,
    "score_rfv": 0,
    "tamanhos_interesse": [],
    "marcas_interesse": [],
    "createdAt": "2026-01-30T13:17:18.278Z",
    "updatedAt": "2026-01-30T13:17:18.278Z",
    "deletedAt": null
  },
  {
    "id": 116,
    "nome": "KELLY CAVENAGHI",
    "tipo": "PF",
    "cpf_cnpj": null,
    "rg_ie": null,
    "email": null,
    "telefone_whatsapp": null,
    "data_nascimento": null,
    "is_cliente": false,
    "is_fornecedor": true,
    "comissao_padrao": "50.00",
    "dia_fechamento_pagamento": 15,
    "dados_pix": null,
    "score_rfv": 0,
    "tamanhos_interesse": [],
    "marcas_interesse": [],
    "createdAt": "2026-01-30T13:17:18.579Z",
    "updatedAt": "2026-01-30T13:17:18.579Z",
    "deletedAt": null
  },
  {
    "id": 117,
    "nome": "KELLY DAMALIO",
    "tipo": "PF",
    "cpf_cnpj": null,
    "rg_ie": null,
    "email": null,
    "telefone_whatsapp": null,
    "data_nascimento": null,
    "is_cliente": false,
    "is_fornecedor": true,
    "comissao_padrao": "50.00",
    "dia_fechamento_pagamento": 15,
    "dados_pix": null,
    "score_rfv": 0,
    "tamanhos_interesse": [],
    "marcas_interesse": [],
    "createdAt": "2026-01-30T13:17:19.362Z",
    "updatedAt": "2026-01-30T13:17:19.362Z",
    "deletedAt": null
  },
  {
    "id": 118,
    "nome": "KELLYLANZONI",
    "tipo": "PF",
    "cpf_cnpj": null,
    "rg_ie": null,
    "email": null,
    "telefone_whatsapp": null,
    "data_nascimento": null,
    "is_cliente": false,
    "is_fornecedor": true,
    "comissao_padrao": "50.00",
    "dia_fechamento_pagamento": 15,
    "dados_pix": null,
    "score_rfv": 0,
    "tamanhos_interesse": [],
    "marcas_interesse": [],
    "createdAt": "2026-01-30T13:17:19.507Z",
    "updatedAt": "2026-01-30T13:17:19.507Z",
    "deletedAt": null
  },
  {
    "id": 119,
    "nome": "KELLYLUZ",
    "tipo": "PF",
    "cpf_cnpj": null,
    "rg_ie": null,
    "email": null,
    "telefone_whatsapp": null,
    "data_nascimento": null,
    "is_cliente": false,
    "is_fornecedor": true,
    "comissao_padrao": "50.00",
    "dia_fechamento_pagamento": 15,
    "dados_pix": null,
    "score_rfv": 0,
    "tamanhos_interesse": [],
    "marcas_interesse": [],
    "createdAt": "2026-01-30T13:17:21.305Z",
    "updatedAt": "2026-01-30T13:17:21.305Z",
    "deletedAt": null
  },
  {
    "id": 120,
    "nome": "LARISSAJMUNHOS",
    "tipo": "PF",
    "cpf_cnpj": null,
    "rg_ie": null,
    "email": null,
    "telefone_whatsapp": null,
    "data_nascimento": null,
    "is_cliente": false,
    "is_fornecedor": true,
    "comissao_padrao": "50.00",
    "dia_fechamento_pagamento": 15,
    "dados_pix": null,
    "score_rfv": 0,
    "tamanhos_interesse": [],
    "marcas_interesse": [],
    "createdAt": "2026-01-30T13:17:24.656Z",
    "updatedAt": "2026-01-30T13:17:24.656Z",
    "deletedAt": null
  },
  {
    "id": 121,
    "nome": "LARISSATARTARINI",
    "tipo": "PF",
    "cpf_cnpj": null,
    "rg_ie": null,
    "email": null,
    "telefone_whatsapp": null,
    "data_nascimento": null,
    "is_cliente": false,
    "is_fornecedor": true,
    "comissao_padrao": "50.00",
    "dia_fechamento_pagamento": 15,
    "dados_pix": null,
    "score_rfv": 0,
    "tamanhos_interesse": [],
    "marcas_interesse": [],
    "createdAt": "2026-01-30T13:17:25.210Z",
    "updatedAt": "2026-01-30T13:17:25.210Z",
    "deletedAt": null
  },
  {
    "id": 122,
    "nome": "LAUROLIMA",
    "tipo": "PF",
    "cpf_cnpj": null,
    "rg_ie": null,
    "email": null,
    "telefone_whatsapp": null,
    "data_nascimento": null,
    "is_cliente": false,
    "is_fornecedor": true,
    "comissao_padrao": "50.00",
    "dia_fechamento_pagamento": 15,
    "dados_pix": null,
    "score_rfv": 0,
    "tamanhos_interesse": [],
    "marcas_interesse": [],
    "createdAt": "2026-01-30T13:17:26.160Z",
    "updatedAt": "2026-01-30T13:17:26.160Z",
    "deletedAt": null
  },
  {
    "id": 123,
    "nome": "LETICIA MULLER",
    "tipo": "PF",
    "cpf_cnpj": null,
    "rg_ie": null,
    "email": null,
    "telefone_whatsapp": null,
    "data_nascimento": null,
    "is_cliente": false,
    "is_fornecedor": true,
    "comissao_padrao": "50.00",
    "dia_fechamento_pagamento": 15,
    "dados_pix": null,
    "score_rfv": 0,
    "tamanhos_interesse": [],
    "marcas_interesse": [],
    "createdAt": "2026-01-30T13:17:26.889Z",
    "updatedAt": "2026-01-30T13:17:26.889Z",
    "deletedAt": null
  },
  {
    "id": 124,
    "nome": "LETICIABENTO",
    "tipo": "PF",
    "cpf_cnpj": null,
    "rg_ie": null,
    "email": null,
    "telefone_whatsapp": null,
    "data_nascimento": null,
    "is_cliente": false,
    "is_fornecedor": true,
    "comissao_padrao": "50.00",
    "dia_fechamento_pagamento": 15,
    "dados_pix": null,
    "score_rfv": 0,
    "tamanhos_interesse": [],
    "marcas_interesse": [],
    "createdAt": "2026-01-30T13:17:27.004Z",
    "updatedAt": "2026-01-30T13:17:27.004Z",
    "deletedAt": null
  },
  {
    "id": 125,
    "nome": "LETICIADAVOLLI",
    "tipo": "PF",
    "cpf_cnpj": null,
    "rg_ie": null,
    "email": null,
    "telefone_whatsapp": null,
    "data_nascimento": null,
    "is_cliente": false,
    "is_fornecedor": true,
    "comissao_padrao": "50.00",
    "dia_fechamento_pagamento": 15,
    "dados_pix": null,
    "score_rfv": 0,
    "tamanhos_interesse": [],
    "marcas_interesse": [],
    "createdAt": "2026-01-30T13:17:27.685Z",
    "updatedAt": "2026-01-30T13:17:27.685Z",
    "deletedAt": null
  },
  {
    "id": 126,
    "nome": "LETICIAREGAZZINI",
    "tipo": "PF",
    "cpf_cnpj": null,
    "rg_ie": null,
    "email": null,
    "telefone_whatsapp": null,
    "data_nascimento": null,
    "is_cliente": false,
    "is_fornecedor": true,
    "comissao_padrao": "50.00",
    "dia_fechamento_pagamento": 15,
    "dados_pix": null,
    "score_rfv": 0,
    "tamanhos_interesse": [],
    "marcas_interesse": [],
    "createdAt": "2026-01-30T13:17:30.522Z",
    "updatedAt": "2026-01-30T13:17:30.522Z",
    "deletedAt": null
  },
  {
    "id": 127,
    "nome": "LIDIANEOLIVEIRA",
    "tipo": "PF",
    "cpf_cnpj": null,
    "rg_ie": null,
    "email": null,
    "telefone_whatsapp": null,
    "data_nascimento": null,
    "is_cliente": false,
    "is_fornecedor": true,
    "comissao_padrao": "50.00",
    "dia_fechamento_pagamento": 15,
    "dados_pix": null,
    "score_rfv": 0,
    "tamanhos_interesse": [],
    "marcas_interesse": [],
    "createdAt": "2026-01-30T13:17:34.211Z",
    "updatedAt": "2026-01-30T13:17:34.211Z",
    "deletedAt": null
  },
  {
    "id": 128,
    "nome": "LILIANDESOUZA",
    "tipo": "PF",
    "cpf_cnpj": null,
    "rg_ie": null,
    "email": null,
    "telefone_whatsapp": null,
    "data_nascimento": null,
    "is_cliente": false,
    "is_fornecedor": true,
    "comissao_padrao": "50.00",
    "dia_fechamento_pagamento": 15,
    "dados_pix": null,
    "score_rfv": 0,
    "tamanhos_interesse": [],
    "marcas_interesse": [],
    "createdAt": "2026-01-30T13:17:35.349Z",
    "updatedAt": "2026-01-30T13:17:35.349Z",
    "deletedAt": null
  },
  {
    "id": 129,
    "nome": "LISA",
    "tipo": "PF",
    "cpf_cnpj": null,
    "rg_ie": null,
    "email": null,
    "telefone_whatsapp": null,
    "data_nascimento": null,
    "is_cliente": false,
    "is_fornecedor": true,
    "comissao_padrao": "50.00",
    "dia_fechamento_pagamento": 15,
    "dados_pix": null,
    "score_rfv": 0,
    "tamanhos_interesse": [],
    "marcas_interesse": [],
    "createdAt": "2026-01-30T13:17:35.465Z",
    "updatedAt": "2026-01-30T13:17:35.465Z",
    "deletedAt": null
  },
  {
    "id": 130,
    "nome": "LIVIA COSER ADORNO",
    "tipo": "PF",
    "cpf_cnpj": null,
    "rg_ie": null,
    "email": null,
    "telefone_whatsapp": null,
    "data_nascimento": null,
    "is_cliente": false,
    "is_fornecedor": true,
    "comissao_padrao": "50.00",
    "dia_fechamento_pagamento": 15,
    "dados_pix": null,
    "score_rfv": 0,
    "tamanhos_interesse": [],
    "marcas_interesse": [],
    "createdAt": "2026-01-30T13:17:37.780Z",
    "updatedAt": "2026-01-30T13:17:37.780Z",
    "deletedAt": null
  },
  {
    "id": 131,
    "nome": "LIVIALANZONI",
    "tipo": "PF",
    "cpf_cnpj": null,
    "rg_ie": null,
    "email": null,
    "telefone_whatsapp": null,
    "data_nascimento": null,
    "is_cliente": false,
    "is_fornecedor": true,
    "comissao_padrao": "50.00",
    "dia_fechamento_pagamento": 15,
    "dados_pix": null,
    "score_rfv": 0,
    "tamanhos_interesse": [],
    "marcas_interesse": [],
    "createdAt": "2026-01-30T13:17:38.479Z",
    "updatedAt": "2026-01-30T13:17:38.479Z",
    "deletedAt": null
  },
  {
    "id": 132,
    "nome": "LORENALIMA",
    "tipo": "PF",
    "cpf_cnpj": null,
    "rg_ie": null,
    "email": null,
    "telefone_whatsapp": null,
    "data_nascimento": null,
    "is_cliente": false,
    "is_fornecedor": true,
    "comissao_padrao": "50.00",
    "dia_fechamento_pagamento": 15,
    "dados_pix": null,
    "score_rfv": 0,
    "tamanhos_interesse": [],
    "marcas_interesse": [],
    "createdAt": "2026-01-30T13:17:38.686Z",
    "updatedAt": "2026-01-30T13:17:38.686Z",
    "deletedAt": null
  },
  {
    "id": 133,
    "nome": "LUANA",
    "tipo": "PF",
    "cpf_cnpj": null,
    "rg_ie": null,
    "email": null,
    "telefone_whatsapp": null,
    "data_nascimento": null,
    "is_cliente": false,
    "is_fornecedor": true,
    "comissao_padrao": "50.00",
    "dia_fechamento_pagamento": 15,
    "dados_pix": null,
    "score_rfv": 0,
    "tamanhos_interesse": [],
    "marcas_interesse": [],
    "createdAt": "2026-01-30T13:19:08.484Z",
    "updatedAt": "2026-01-30T13:19:08.484Z",
    "deletedAt": null
  }
]